{
  "project_info": {
    "project_number": "325462275175",
    "firebase_url": "https://quizapp-6b183-default-rtdb.firebaseio.com",
    "project_id": "quizapp-6b183",
    "storage_bucket": "quizapp-6b183.appspot.com"
  },
  "client": [
    {
      "client_info": {
        "mobilesdk_app_id": "1:325462275175:android:86af9212e70fa6ab8c10c2",
        "android_client_info": {
          "package_name": "com.project.quizapp"
        }
      },
      "oauth_client": [
        {
          "client_id": "325462275175-jmd5pqfkk57k8ljr3oefncq03so2d1h4.apps.googleusercontent.com",
          "client_type": 3
        }
      ],
      "api_key": [
        {
          "current_key": "AIzaSyD8B7_wi-kuDQ7qifhZjeAPFcZP4BVFj3o"
        }
      ],
      "services": {
        "appinvite_service": {
          "other_platform_oauth_client": [
            {
              "client_id": "325462275175-jmd5pqfkk57k8ljr3oefncq03so2d1h4.apps.googleusercontent.com",
              "client_type": 3
            }
          ]
        }
      }
    }
  ],
  "configuration_version": "1"
}